Image_Name,Model_Name,Output_Text
TestImage6.png,EasyOCR,MCEROL NATURE OL WQPK: nd.ig- 48 le; obta InrdYueatan Roney {sample enclosed) 13 4n ^ccopadlesubstleule{ur IeniX  RLD_CokyeYTSPPOCR seem
TestImage6.png,PaddleOCR, VICEROY NATURE OF WORK Advise f locally obtained Yucatan Honey (sample enclosed) is an acceptable substitute for HALHNY RED COMMENTS PPOCR seem
TestImage6.png,Keras_OCR, vicznor natutn df oors addlse le locally obeained yucsean honey sample enelosed 18 sccepeable an sobsgleute tok hacaet rld coressss ppocr seems
Image_invoice2.png,EasyOCR,"CPD softwareInvoice Details 01.02.2024 to 29.02.2024Period:Unit:Musterkunde AG12345Request sections: Amount in Euro:T4 0.50T5: 0,801T6:G1:G6:0.40user-account-1 user-account-2154.30_ 96,82 €Transaction Fee Seg Queries in Total: Total in EuroT2:T3: 162 243,00T4:TS:T6:G1:G3:G4:G5:G6:8.12 0.000.00 -0.000,000.00 -0.000,000.00 -0.000,00251,12 €The explanation of the query fee categories (T1 to T6 and G1 to G6) can be found on our website: https IIWW wmaccess comVabfragekategorien"
Image_invoice2.png,PaddleOCR," cpb software Invoice Details Period: 01.02.2024 to 29.02.2024 Unit: Musterkunde AG 12345 Request sections:. T1: T2: T3: T4: T5: T6: G1: G2: G3: G4: G5: G6: Amount in Euro:. 0,58 0,70 1,50 0,50 0,80 1,80 0,30 0,30 0,40 0,40 0,30 0,30 user-account-1 10  99 0 0 0 154,30  user-account-2 4 0  63 0 0 0 0 0 0 96,82  Transaction Fee Seg T1: T2: T3: T4: T5: T6: G1: G2: G3: G4: G5: G6: Queries in Total: 14 0 162 0 0 0 0 0 0 0 0 0 Total in Euro: 8,12  0,00  243,00  00'0 0.00  0.00  00'0 0.00  0,00  00'0 0.00  0,00  251,12  The explanation of the query fee categories (T1 to T6 and G1 to G6) can be found on our website: https://www.wmaccess.com/abfragekategorien"
Image_invoice2.png,Keras_OCR, cpo software invoice details period 01022024 29022024 to unit musterkunde ag 12345 req uest sections t1 t2 t3 ta t5 t6 g1 g2 g3 ga g5 gb amount in euro 058 o70 150 050 o80 180 o30 o30 040 040 o30 030 useraccounten o 99 15430 c useraccountz 65 9682 c transaction fee seg t1 t2 t5 ta t5 t6 g1 g2 g5 ga g5 go queries in total 14 162 total euro in 12e oo0 2437 00 o00 o00 o0o o00 o0o ooo o00 o0o o0o 25112 e e e e the explanation of the fee categories t1 t6 and g1 g6 be found website to to query can on our httpsiwww comabfragekategoren wmaccess
Image4.png,EasyOCR,ATM  Area de Barcelona Autoritat del Transport Metropolita231BA8HOLA BARCELONA 96H (4 DIES) 09171556 TRAVEL CARD ONLY /NOMES VALID ZONA EXCEPTE BUS NO TMB TitoL UNIPERSONAL VIATGES IL.LimitatS . NIF A08016081 . 90304 130324   1854TCSistema tarifari TMB integrat Bus i MetroBusFGCTRAM Rodalies de Catalunya
Image4.png,PaddleOCR, ATMArea de Barcelona Autoritat del Transport 231BA8 Metropolita HOLA BARCELONA 96H 4DIES 09171556 TRAVEL CARD ONLY/NOMES VALID ZONA 1 EXCEPTE BUS NO TMB TITOL UNIPERSONAL.VIATGES IL.LIMITATS.NIF A08016081 90304/130324 1854TC Sistema B R tarifari TMB W S integrat BusiMetro Bus FG TRAM Rodalies de Catalunya
Image4.png,Keras_OCR, area atm de barcelona 231ba8 autoritat del transpon metropolita hola barcelona a diest th 09171586 travel card onlyinomes valid zona l titol excepte bus no tmbe unipersonals viatges ils limitats nif a080160811 90304 130324 1854tc sistema r tmb tarifari integrat metr bus bus fgc tram rodalies catalunya de
Bill_pharma_1.png,EasyOCR,"#CVSpharmacy 23805 094884488-9898 !BU , Ca REG#03 Trn#6412 CSHR# 770187 Str#9697 He [ Ped by ARMANDE 375 5 RZ 18.6 1 E 5 ITEHS Survey ID 6438 2642 1963 503 78 CYARGE 18.5 K*r**r#556z 3a terCard Ngal J 87 AEE: 5272 TC: 95); ndl fSic9850 CHANGE3509 6971 3296 4120 36 clit4eRurg"" """"pb 7ece Ghry ""8hJgat2d32 #fyna aRozouF Pon Hth7y {gccun7o  coupons NOVEMBER 25 , 2021 3 ; 28 PM 8 & & & & & &"
Bill_pharma_1.png,PaddleOCR,"  CVS pharmacy 23805 W MALIBU RDMALIBUCA 310456-9645 REG#03TRN#6412CSHR#1770187 STR#9697 HelPed by: ARMANDE GEA DLXMXNUT UNSL 8.75 6. 49F ARROWHEAD SPORT 6P 23.7 3.89F BOTTLE DEPOSIT 30F PURELF UNSWT 18.5 7.59F BOTTLEDEPOSIT 30F 5ITEMS Survey ID # 6438 2642 1963 503 78 TOTAL 18.57 CHARGE 18.57 ************5562 RF Debit MasterCard ***********5562 APPROVED#NCL4BJ REF#034124 TRAN TYPE:SALE AID:A0000000041010 TC422A9016289C5D5C TERMINAL#84083702 NO SIGNATURE REQUIRED CVM1F0302 TVR95:0000008000 TSI9BE800 CHANGE .00 3509 69713296412036 Returns with.receipt, subJect to CVSReturnPolicy,thru 01724/2022 Refund amount is based .on price after all coupons and discounts NOVEMBER25,2021 3:28PM"
Bill_pharma_1.png,Keras_OCR, cvs pharmacy adiaa malibun ca 23805 malibu w 3104 strh697 cshrnt0167 trnh6412 regho3 armande iped he by d 44f mxnut unsl 75 bglhea 3s 6 sport 7 3 89f 6p desisit 3of 7 69f bourle 188 5 lf 30f deposit 5 items id survey 165 503 18 6488 2612 181 57 total 18 57 charge knnrktssz rf xtnss debi t mastercard 034124 refh approved ncl abj aids aooooco041 010 type tran sale terminal 84083702 h 42249d1 6289c6dsc tci cum 1fo302 signature required no tsic aby e800 ooocos00o tvro 9514 oo change 4120 6971 3296 36 3509 with receipts sublet02 returns cvs return poli baha cyo almount ref und price ls on discountss after coupons 3128 pm 25 2021 november
Test_image5.png,EasyOCR,"Trattendorfer Weg 21 04207 LeiPzig Te ( 034 42 24 34 USt-IdNr DE245751127 Kuchen65 KiWisahne 2 62 Apfeckschee 38 € 8 Rumkuge 08 12 Total 015,45 Netto_NWST 5*. €14 NWST 57 €O 74 BAR-Betrag € 15 45 S888833 Loos; 8-2020 14 .25.00 Bediener"
Test_image5.png,PaddleOCR," Trattendorfer Weg 21 04207 LeiPzig TeL.0341/4224134 USt-IdNrDE245751127 1 Kuchen 1,65 1.65 1 Kiwisahne 2,20 2.20 1 Kirschsahne 2,20 2.20 1 ApfelKuchen 1,40 1.40 8RumKugel 1.00 8.00 12 Total 15,45 Netto Mwst 5% 14.71 MWST 5. 074 BAR-Betrag E1515 Samstag 15-8-202014:25:00 #000032 L0001 Bediener"
Test_image5.png,Keras_OCR, cond feile al trattendonfer weg 21 04207 le ipzig tel 0341 42 24 134  ustaidnr de245751 123 kuchen 85 t t 1 c 85 e 20 kiwisahne 20 e 2 t 20 kirschsahne 2 20 c c 40 apfelkuchen 40 00 es do 8 rumkugel 15 45 12 total mwst e14 71 netto 51 eopa must 51 barbctras e1se 15 samstag 82020 25 154 14 o0 hoooo32 lo001 bediener
Contract_page1.png,EasyOCR,"FV ! 6 :Vtnn [Pusiness & Talent AlignedWe are delighted at the prospect of your joining aur team and are certain that you wlll make a positive contribution t0 our clients and our company WelcomelSincerely, (w-Gerry Windemiller Human Resources ConsultantNovember 10, 2014"
Contract_page1.png,PaddleOCR," Right Maragement Business&TalentAligned MaM We are delighted at the prospect of your joining our team and are certain that you will make a positive contribution to our clients and our company. Welcome! Sincerely, Gerry Windemiller November 10,2014 Human Resources Consultant"
Contract_page1.png,Keras_OCR, right maragement business x lalent aligoed we delighted the are al of prospect joining and your team certain that our are will make positive contribution you a to clients and our our company welcomel sincerelyo asr oon gerry windemiller november 100 2014 human resources consultant
Image1.png,EasyOCR,"Invoice no: 40378170Isquc;10,142012Seller: Thampson Montqcrner A56ee VSi Mames MA 46221Clinnt:Meon OncrnennduathactWft min Suierat Icnrmonlc cfmiTaeIn SBi1 ,38O31905128414C UFinf 677777ITENSltefnerinnWgtnnocSoxth@nmtna Mml m-ClnenSUMMARY"
Image1.png,PaddleOCR," Invoice no:40378170 Date of issue: 10/15/2012 Seller: Client: 356 Kyle Vista Patel, Thompson and Montgomery 267 John Track Suite 841 Jackson, Odonnell and Jackson New James, MA 46228 Jenniferville, PA 98601 IBAN: GB77WRBQ31965128414006 Tax Id: 958-74-3511 Tax Id: 998-87-7723 ITEMS Description Qty UM Net price Net worth VAT [%] Grass worth er Gift Box Set 1,00 each 7,50 7,50 10% 8,25 With Foll Cutter SUMMARY VAT [%] Net worth VAT Gross worth %01  7.50 0.75 8.25 Total $ 7,50 $ 0,75 $ 8,25"
Image1.png,Keras_OCR, invoice 90378170 nos date of lsue lalszonz clients sellers pae tampson ord ontgomer xeon ocoorel ird eslson 356 suite kyle vsla 267 jold aos 601 ma 16220 noe ames ononorille pa saeol 1a 8511 ois az tod d dse ex a sl ibal gereoissitn items satiel jo beeenelod ov ur sc drre ec tone oes ocen lneo mro coteone deuno loo ad oo ee o lae cote openr c lea trr ioreco sllleo summary tat cel lol meren vat aurud urvss lon eo lts oes teta ooo ore are
Bill_4.png,EasyOCR,"TapaTapa Tapa TaPA ANG , SL CENTRE COMERCIAL ARENES LOCAL B-4C 08O15 BARCELONA 963853618 TEL 93 2924644 TAULA 137 COMENSA BRunO   STANCIU 2 ESTRELLA 0,5 5.40 10.80 PATATES BRAUES 5.75 CROQ 3 FORM 5.95 RAVES   ANDALUSA 7.95B.IMP 27 .68TASA 2.77TOTAL 30.45IVA 40. .Total30 45DIVENDRES  45-03-2024 20:57 :16 Cl 40-Oper 40-Han 8-Fra:0023001048024/001 VISITINS A LA NOSTRA WEB MMW angrup ComRecupere el IVA de esta Fact ura en Jevol uIUA.com"
Bill_4.png,PaddleOCR," TapaTapa TAPA TAPA ANG, SL CENTRE COMERCIAL ARENESLOCAL B-4C 08015 BARCELONA B63853618 TEL.932924644 TAULA 137 1 COMENSA BRUNO STANCIU 2 ESTRELLA 0,5 5.40 10.80 1 PATATES BRAVES 5.75 1 CROQ 3 FORM 5.95 1 RAVES ANDALUSA 7.95 B.IMP TASA TOTAL IVA 10.7. 27.68 2.77 30.45 TOTAL 30.45 DIVENDRES15-03-202420:57:16 CL40-0per: 40-Han 8-Fra:0023001018024/001 VISITINS A LA NOSTRA WEB www.angrup.com Recupere el IUA de esta Fact ura en Devol uIVA.com"
Bill_4.png,Keras_OCR, tapalapa tapa tapa angs sl comercial arenes centre local bac 0015 barcelona b63183618 91 2124644 tel taula 137 comensa bruno stanciu 1 estrella 40 10 80 2 o0 5 5 patates ebraves 575 1 croq form 595 1 3 andalusa raves t 95 1 imp be tasa total 68 iva 10 21 25 7 30 45 sz 30145 total divendres 15072024 20 16 157 0020010160247001 efra cl aooper aohan  visitins nostra web a la woww angr up con iva recupere de esta fact el ura ulua devol en com
Image3.png,EasyOCR,"APPROVED CC2 C312 BITTE 3ELEG ALFBEWAHIRENSteuer NETTO) [€] MWST .0] BRUTIO [E] A-19,00% 1,88 0 36 2,24 B=  7, 00% 38,92 32 20 ,25 Kennzeichenlegervde Die mit gekernzei crneteri Artikel sind nicht rabattfahig. Die wie folgt gekennzeichneten Ar tikel ccie die darauf entfal Ien? NWST wertler verkauft im Namen und Rechninc von: F-HIT Frische (imbH Co _ Kgi, Strasse des 18_ Oktober 44 04103 Leif pzi= g , USt-IC-Nr: IJE122274982 xxxxrrrtxikrkxe*kriKkrkxxxektrxrrrrxxxkx Sie erha ten mit dlieseni Kauf 4 ""reueplnkt(e: xxxxkxxtkrkkxkrxkxt*rxrxxXrkaxrkxksxkxkx 00144001:0E24005020289HIT Handa! sgri ppe Gmph Co.KG USt-ID: [E123380..23"
Image3.png,PaddleOCR," APPROVED BITTE 3ELEG ALFBEWAHREN Steuer NETT[] MWST ]BRUTIO [] A=19,00% 1,88 36 2,24 B= 7,00% 89 1.32. 20, 25 Kennzeichenlegende Die mit * gekennzeicrneter Artikel sind. nicht rabattfahig. Die wie folgt gekennzeichneten Ar tikel sowie die darauf entfallene wsT werden verkauft im Namen und Rechnt.ng von: F=HIT Frische GimbH & Co.KGStrasse des 18. Oktober 44 04103 Leipzig,USt-IC-Nr.: DE.122274982 Sie erha ten mit diesen Kauf 4reuepnkte! ************************* 0014:.0010524005000289 HIT ""Hande'sgrt ppe""GimbH'&""Co.kG USt-1DE12338023"
Image3.png,Keras_OCR, approved begabe alfbewahren beleg bitte brutto lej mwst e1 netto let steuer 24 22 je c 8e oof 1 a419 25 20 32 s 18 94 o07 7 b chenl egende kennzei sind artikel gekennzei chneten mi t die x fol gt die wi rabattfahi e cht ni g die sowie tikel ar gekennzei chne ten verkaiuft wst werden n entfal i darauf ene rechnl und vons nc namen im des strasse kg co gimbh e fahit sche fri d 44 oktober 18 de122z74962 icunrei usts pzi 0a105 lei g  kauf di mit esen erha ten sie plnktled 4 reue  oe2aosod2e1 o01 001 4 kg co gimbt d hit hande sgrl ppe le128180 24 ustrids
